<?xml version="1.0" encoding="UTF-8"?>
<extension version="3.6" client="administrator" type="language" method="upgrade">
	<name>French (fr-FR)</name>
	<tag>fr-FR</tag>
	<version>3.6.6.1</version>
	<creationDate>26/12/2016</creationDate>
	<author>French translation team : joomla.fr</author>
	<authorEmail>traduction@joomla.fr</authorEmail>
	<authorUrl>http://joomla.fr</authorUrl>
	<copyright>Copyright (C) 2005 - 2016 Joomla.fr and Open Source Matters, Inc. All rights reserved.</copyright>
	<license>http://www.gnu.org/licenses/gpl-2.0.html GNU/GPL</license>
	<description>fr-FR - Administration language</description>
	<files>
		<filename>fr-FR.ini</filename>
		<filename>fr-FR.com_admin.ini</filename>
		<filename>fr-FR.com_admin.sys.ini</filename>
		<filename>fr-FR.com_ajax.ini</filename>
		<filename>fr-FR.com_ajax.sys.ini</filename>
		<filename>fr-FR.com_banners.ini</filename>
		<filename>fr-FR.com_banners.sys.ini</filename>
		<filename>fr-FR.com_cache.ini</filename>
		<filename>fr-FR.com_cache.sys.ini</filename>
		<filename>fr-FR.com_categories.ini</filename>
		<filename>fr-FR.com_categories.sys.ini</filename>
		<filename>fr-FR.com_checkin.ini</filename>
		<filename>fr-FR.com_checkin.sys.ini</filename>
		<filename>fr-FR.com_config.ini</filename>
		<filename>fr-FR.com_config.sys.ini</filename>
		<filename>fr-FR.com_contact.ini</filename>
		<filename>fr-FR.com_contact.sys.ini</filename>
		<filename>fr-FR.com_content.ini</filename>
		<filename>fr-FR.com_content.sys.ini</filename>
		<filename>fr-FR.com_contenthistory.ini</filename>
		<filename>fr-FR.com_contenthistory.sys.ini</filename>
		<filename>fr-FR.com_cpanel.ini</filename>
		<filename>fr-FR.com_cpanel.sys.ini</filename>
		<filename>fr-FR.com_finder.ini</filename>
		<filename>fr-FR.com_finder.sys.ini</filename>
		<filename>fr-FR.com_installer.ini</filename>
		<filename>fr-FR.com_installer.sys.ini</filename>
		<filename>fr-FR.com_joomlaupdate.ini</filename>
		<filename>fr-FR.com_joomlaupdate.sys.ini</filename>
		<filename>fr-FR.com_languages.ini</filename>
		<filename>fr-FR.com_languages.sys.ini</filename>
		<filename>fr-FR.com_login.ini</filename>
		<filename>fr-FR.com_login.sys.ini</filename>
		<filename>fr-FR.com_mailto.sys.ini</filename>
		<filename>fr-FR.com_media.ini</filename>
		<filename>fr-FR.com_media.sys.ini</filename>
		<filename>fr-FR.com_menus.ini</filename>
		<filename>fr-FR.com_menus.sys.ini</filename>
		<filename>fr-FR.com_messages.ini</filename>
		<filename>fr-FR.com_messages.sys.ini</filename>
		<filename>fr-FR.com_modules.ini</filename>
		<filename>fr-FR.com_modules.sys.ini</filename>
		<filename>fr-FR.com_newsfeeds.ini</filename>
		<filename>fr-FR.com_newsfeeds.sys.ini</filename>
		<filename>fr-FR.com_plugins.ini</filename>
		<filename>fr-FR.com_plugins.sys.ini</filename>
		<filename>fr-FR.com_postinstall.ini</filename>
		<filename>fr-FR.com_postinstall.sys.ini</filename>
		<filename>fr-FR.com_redirect.ini</filename>
		<filename>fr-FR.com_redirect.sys.ini</filename>
		<filename>fr-FR.com_search.ini</filename>
		<filename>fr-FR.com_search.sys.ini</filename>
		<filename>fr-FR.com_tags.ini</filename>
		<filename>fr-FR.com_tags.sys.ini</filename>
		<filename>fr-FR.com_templates.ini</filename>
		<filename>fr-FR.com_templates.sys.ini</filename>
		<filename>fr-FR.com_users.ini</filename>
		<filename>fr-FR.com_users.sys.ini</filename>
		<filename>fr-FR.com_weblinks.ini</filename>
		<filename>fr-FR.com_weblinks.sys.ini</filename>
		<filename>fr-FR.com_wrapper.ini</filename>
		<filename>fr-FR.com_wrapper.sys.ini</filename>
		<filename>fr-FR.lib_joomla.ini</filename>
		<filename>fr-FR.mod_custom.ini</filename>
		<filename>fr-FR.mod_custom.sys.ini</filename>
		<filename>fr-FR.mod_feed.ini</filename>
		<filename>fr-FR.mod_feed.sys.ini</filename>
		<filename>fr-FR.mod_latest.ini</filename>
		<filename>fr-FR.mod_latest.sys.ini</filename>
		<filename>fr-FR.mod_logged.ini</filename>
		<filename>fr-FR.mod_logged.sys.ini</filename>
		<filename>fr-FR.mod_login.ini</filename>
		<filename>fr-FR.mod_login.sys.ini</filename>
		<filename>fr-FR.mod_menu.ini</filename>
		<filename>fr-FR.mod_menu.sys.ini</filename>
		<filename>fr-FR.mod_multilangstatus.ini</filename>
		<filename>fr-FR.mod_multilangstatus.sys.ini</filename>
		<filename>fr-FR.mod_popular.ini</filename>
		<filename>fr-FR.mod_popular.sys.ini</filename>
		<filename>fr-FR.mod_quickicon.ini</filename>
		<filename>fr-FR.mod_quickicon.sys.ini</filename>
		<filename>fr-FR.mod_stats_admin.ini</filename>
		<filename>fr-FR.mod_stats_admin.sys.ini</filename>
		<filename>fr-FR.mod_status.ini</filename>
		<filename>fr-FR.mod_status.sys.ini</filename>
		<filename>fr-FR.mod_submenu.ini</filename>
		<filename>fr-FR.mod_submenu.sys.ini</filename>
		<filename>fr-FR.mod_title.ini</filename>
		<filename>fr-FR.mod_title.sys.ini</filename>
		<filename>fr-FR.mod_toolbar.ini</filename>
		<filename>fr-FR.mod_toolbar.sys.ini</filename>
		<filename>fr-FR.mod_version.ini</filename>
		<filename>fr-FR.mod_version.sys.ini</filename>
		<filename>fr-FR.plg_authentication_cookie.ini</filename>
		<filename>fr-FR.plg_authentication_cookie.sys.ini</filename>
		<filename>fr-FR.plg_authentication_gmail.ini</filename>
		<filename>fr-FR.plg_authentication_gmail.sys.ini</filename>
		<filename>fr-FR.plg_authentication_joomla.ini</filename>
		<filename>fr-FR.plg_authentication_joomla.sys.ini</filename>
		<filename>fr-FR.plg_authentication_ldap.ini</filename>
		<filename>fr-FR.plg_authentication_ldap.sys.ini</filename>
		<filename>fr-FR.plg_captcha_recaptcha.ini</filename>
		<filename>fr-FR.plg_captcha_recaptcha.sys.ini</filename>
		<filename>fr-FR.plg_content_contact.ini</filename>
		<filename>fr-FR.plg_content_contact.sys.ini</filename>
		<filename>fr-FR.plg_content_emailcloak.ini</filename>
		<filename>fr-FR.plg_content_emailcloak.sys.ini</filename>
		<filename>fr-FR.plg_content_finder.ini</filename>
		<filename>fr-FR.plg_content_finder.sys.ini</filename>
		<filename>fr-FR.plg_content_joomla.ini</filename>
		<filename>fr-FR.plg_content_joomla.sys.ini</filename>
		<filename>fr-FR.plg_content_loadmodule.ini</filename>
		<filename>fr-FR.plg_content_loadmodule.sys.ini</filename>
		<filename>fr-FR.plg_content_pagebreak.ini</filename>
		<filename>fr-FR.plg_content_pagebreak.sys.ini</filename>
		<filename>fr-FR.plg_content_pagenavigation.ini</filename>
		<filename>fr-FR.plg_content_pagenavigation.sys.ini</filename>
		<filename>fr-FR.plg_content_vote.ini</filename>
		<filename>fr-FR.plg_content_vote.sys.ini</filename>
		<filename>fr-FR.plg_editors-xtd_article.ini</filename>
		<filename>fr-FR.plg_editors-xtd_article.sys.ini</filename>
		<filename>fr-FR.plg_editors-xtd_image.ini</filename>
		<filename>fr-FR.plg_editors-xtd_image.sys.ini</filename>
		<filename>fr-FR.plg_editors-xtd_module.ini</filename>
		<filename>fr-FR.plg_editors-xtd_module.sys.ini</filename>
		<filename>fr-FR.plg_editors-xtd_pagebreak.ini</filename>
		<filename>fr-FR.plg_editors-xtd_pagebreak.sys.ini</filename>
		<filename>fr-FR.plg_editors-xtd_readmore.ini</filename>
		<filename>fr-FR.plg_editors-xtd_readmore.sys.ini</filename>
		<filename>fr-FR.plg_editors_codemirror.ini</filename>
		<filename>fr-FR.plg_editors_codemirror.sys.ini</filename>
		<filename>fr-FR.plg_editors_none.ini</filename>
		<filename>fr-FR.plg_editors_none.sys.ini</filename>
		<filename>fr-FR.plg_editors_tinymce.ini</filename>
		<filename>fr-FR.plg_editors_tinymce.sys.ini</filename>
		<filename>fr-FR.plg_extension_joomla.ini</filename>
		<filename>fr-FR.plg_extension_joomla.sys.ini</filename>
		<filename>fr-FR.plg_finder_categories.ini</filename>
		<filename>fr-FR.plg_finder_categories.sys.ini</filename>
		<filename>fr-FR.plg_finder_contacts.ini</filename>
		<filename>fr-FR.plg_finder_contacts.sys.ini</filename>
		<filename>fr-FR.plg_finder_content.ini</filename>
		<filename>fr-FR.plg_finder_content.sys.ini</filename>
		<filename>fr-FR.plg_finder_newsfeeds.ini</filename>
		<filename>fr-FR.plg_finder_newsfeeds.sys.ini</filename>
		<filename>fr-FR.plg_finder_tags.ini</filename>
		<filename>fr-FR.plg_finder_tags.sys.ini</filename>
		<filename>fr-FR.plg_finder_weblinks.ini</filename>
		<filename>fr-FR.plg_finder_weblinks.sys.ini</filename>
		<filename>fr-FR.plg_installer_folderinstaller.ini</filename>
		<filename>fr-FR.plg_installer_folderinstaller.sys.ini</filename>
		<filename>fr-FR.plg_installer_packageinstaller.ini</filename>
		<filename>fr-FR.plg_installer_packageinstaller.sys.ini</filename>
		<filename>fr-FR.plg_installer_urlinstaller.ini</filename>
		<filename>fr-FR.plg_installer_urlinstaller.sys.ini</filename>
		<filename>fr-FR.plg_installer_webinstaller.ini</filename>
		<filename>fr-FR.plg_installer_webinstaller.sys.ini</filename>
		<filename>fr-FR.plg_quickicon_extensionupdate.ini</filename>
		<filename>fr-FR.plg_quickicon_extensionupdate.sys.ini</filename>
		<filename>fr-FR.plg_quickicon_joomlaupdate.ini</filename>
		<filename>fr-FR.plg_quickicon_joomlaupdate.sys.ini</filename>
		<filename>fr-FR.plg_search_categories.ini</filename>
		<filename>fr-FR.plg_search_categories.sys.ini</filename>
		<filename>fr-FR.plg_search_contacts.ini</filename>
		<filename>fr-FR.plg_search_contacts.sys.ini</filename>
		<filename>fr-FR.plg_search_content.ini</filename>
		<filename>fr-FR.plg_search_content.sys.ini</filename>
		<filename>fr-FR.plg_search_newsfeeds.ini</filename>
		<filename>fr-FR.plg_search_newsfeeds.sys.ini</filename>
		<filename>fr-FR.plg_search_tags.ini</filename>
		<filename>fr-FR.plg_search_tags.sys.ini</filename>
		<filename>fr-FR.plg_search_weblinks.ini</filename>
		<filename>fr-FR.plg_search_weblinks.sys.ini</filename>
		<filename>fr-FR.plg_system_cache.ini</filename>
		<filename>fr-FR.plg_system_cache.sys.ini</filename>
		<filename>fr-FR.plg_system_debug.ini</filename>
		<filename>fr-FR.plg_system_debug.sys.ini</filename>
		<filename>fr-FR.plg_system_highlight.ini</filename>
		<filename>fr-FR.plg_system_highlight.sys.ini</filename>
		<filename>fr-FR.plg_system_languagecode.ini</filename>
		<filename>fr-FR.plg_system_languagecode.sys.ini</filename>
		<filename>fr-FR.plg_system_languagefilter.ini</filename>
		<filename>fr-FR.plg_system_languagefilter.sys.ini</filename>
		<filename>fr-FR.plg_system_log.ini</filename>
		<filename>fr-FR.plg_system_log.sys.ini</filename>
		<filename>fr-FR.plg_system_logout.ini</filename>
		<filename>fr-FR.plg_system_logout.sys.ini</filename>
		<filename>fr-FR.plg_system_p3p.ini</filename>
		<filename>fr-FR.plg_system_p3p.sys.ini</filename>
		<filename>fr-FR.plg_system_redirect.ini</filename>
		<filename>fr-FR.plg_system_redirect.sys.ini</filename>
		<filename>fr-FR.plg_system_remember.ini</filename>
		<filename>fr-FR.plg_system_remember.sys.ini</filename>
		<filename>fr-FR.plg_system_sef.ini</filename>
		<filename>fr-FR.plg_system_sef.sys.ini</filename>
		<filename>fr-FR.plg_system_stats.ini</filename>
		<filename>fr-FR.plg_system_stats.sys.ini</filename>
		<filename>fr-FR.plg_system_updatenotification.ini</filename>
		<filename>fr-FR.plg_system_updatenotification.sys.ini</filename>
		<filename>fr-FR.plg_twofactorauth_totp.ini</filename>
		<filename>fr-FR.plg_twofactorauth_totp.sys.ini</filename>
		<filename>fr-FR.plg_twofactorauth_yubikey.ini</filename>
		<filename>fr-FR.plg_twofactorauth_yubikey.sys.ini</filename>
		<filename>fr-FR.plg_user_contactcreator.ini</filename>
		<filename>fr-FR.plg_user_contactcreator.sys.ini</filename>
		<filename>fr-FR.plg_user_joomla.ini</filename>
		<filename>fr-FR.plg_user_joomla.sys.ini</filename>
		<filename>fr-FR.plg_user_profile.ini</filename>
		<filename>fr-FR.plg_user_profile.sys.ini</filename>
		<filename>fr-FR.tpl_hathor.ini</filename>
		<filename>fr-FR.tpl_hathor.sys.ini</filename>
		<filename>fr-FR.tpl_isis.ini</filename>
		<filename>fr-FR.tpl_isis.sys.ini</filename>
		<filename>fr-FR.localise.php</filename>
		<filename file="meta">install.xml</filename>
		<filename file="meta">fr-FR.xml</filename>
		<filename>index.html</filename>
	</files>
	<params />
</extension>
