<?xml version="1.0" encoding="UTF-8"?>
<extension version="3.6" client="site" type="language" method="upgrade">
	<name>French (fr-FR)</name>
	<tag>fr-FR</tag>
	<version>3.6.6.1</version>
	<creationDate>26/12/2016</creationDate>
	<author>French translation team : joomla.fr</author>
	<authorEmail>traduction@joomla.fr</authorEmail>
	<authorUrl>http://joomla.fr</authorUrl>
	<copyright>Copyright (C) 2005 - 2016 Joomla.fr and Open Source Matters, Inc. All rights reserved.</copyright>
	<license>http://www.gnu.org/licenses/gpl-2.0.html GNU/GPL</license>
	<description>fr-FR - Site language</description>
	<files>
		<filename>fr-FR.ini</filename>
		<filename>fr-FR.com_ajax.ini</filename>
		<filename>fr-FR.com_config.ini</filename>
		<filename>fr-FR.com_contact.ini</filename>
		<filename>fr-FR.com_content.ini</filename>
		<filename>fr-FR.com_finder.ini</filename>
		<filename>fr-FR.com_mailto.ini</filename>
		<filename>fr-FR.com_media.ini</filename>
		<filename>fr-FR.com_messages.ini</filename>
		<filename>fr-FR.com_newsfeeds.ini</filename>
		<filename>fr-FR.com_search.ini</filename>
		<filename>fr-FR.com_tags.ini</filename>
		<filename>fr-FR.com_users.ini</filename>
		<filename>fr-FR.com_weblinks.ini</filename>
		<filename>fr-FR.com_wrapper.ini</filename>
		<filename>fr-FR.files_joomla.sys.ini</filename>
		<filename>fr-FR.finder_cli.ini</filename>
		<filename>fr-FR.lib_fof.ini</filename>
		<filename>fr-FR.lib_fof.sys.ini</filename>
		<filename>fr-FR.lib_idna_convert.sys.ini</filename>
		<filename>fr-FR.lib_joomla.ini</filename>
		<filename>fr-FR.lib_joomla.sys.ini</filename>
		<filename>fr-FR.lib_phpass.sys.ini</filename>
		<filename>fr-FR.lib_phputf8.sys.ini</filename>
		<filename>fr-FR.lib_simplepie.sys.ini</filename>
		<filename>fr-FR.mod_articles_archive.ini</filename>
		<filename>fr-FR.mod_articles_archive.sys.ini</filename>
		<filename>fr-FR.mod_articles_categories.ini</filename>
		<filename>fr-FR.mod_articles_categories.sys.ini</filename>
		<filename>fr-FR.mod_articles_category.ini</filename>
		<filename>fr-FR.mod_articles_category.sys.ini</filename>
		<filename>fr-FR.mod_articles_latest.ini</filename>
		<filename>fr-FR.mod_articles_latest.sys.ini</filename>
		<filename>fr-FR.mod_articles_news.ini</filename>
		<filename>fr-FR.mod_articles_news.sys.ini</filename>
		<filename>fr-FR.mod_articles_popular.ini</filename>
		<filename>fr-FR.mod_articles_popular.sys.ini</filename>
		<filename>fr-FR.mod_banners.ini</filename>
		<filename>fr-FR.mod_banners.sys.ini</filename>
		<filename>fr-FR.mod_breadcrumbs.ini</filename>
		<filename>fr-FR.mod_breadcrumbs.sys.ini</filename>
		<filename>fr-FR.mod_custom.ini</filename>
		<filename>fr-FR.mod_custom.sys.ini</filename>
		<filename>fr-FR.mod_feed.ini</filename>
		<filename>fr-FR.mod_feed.sys.ini</filename>
		<filename>fr-FR.mod_finder.ini</filename>
		<filename>fr-FR.mod_finder.sys.ini</filename>
		<filename>fr-FR.mod_footer.ini</filename>
		<filename>fr-FR.mod_footer.sys.ini</filename>
		<filename>fr-FR.mod_languages.ini</filename>
		<filename>fr-FR.mod_languages.sys.ini</filename>
		<filename>fr-FR.mod_login.ini</filename>
		<filename>fr-FR.mod_login.sys.ini</filename>
		<filename>fr-FR.mod_menu.ini</filename>
		<filename>fr-FR.mod_menu.sys.ini</filename>
		<filename>fr-FR.mod_random_image.ini</filename>
		<filename>fr-FR.mod_random_image.sys.ini</filename>
		<filename>fr-FR.mod_related_items.ini</filename>
		<filename>fr-FR.mod_related_items.sys.ini</filename>
		<filename>fr-FR.mod_search.ini</filename>
		<filename>fr-FR.mod_search.sys.ini</filename>
		<filename>fr-FR.mod_stats.ini</filename>
		<filename>fr-FR.mod_stats.sys.ini</filename>
		<filename>fr-FR.mod_syndicate.ini</filename>
		<filename>fr-FR.mod_syndicate.sys.ini</filename>
		<filename>fr-FR.mod_tags_popular.ini</filename>
		<filename>fr-FR.mod_tags_popular.sys.ini</filename>
		<filename>fr-FR.mod_tags_similar.ini</filename>
		<filename>fr-FR.mod_tags_similar.sys.ini</filename>
		<filename>fr-FR.mod_users_latest.ini</filename>
		<filename>fr-FR.mod_users_latest.sys.ini</filename>
		<filename>fr-FR.mod_weblinks.ini</filename>
		<filename>fr-FR.mod_weblinks.sys.ini</filename>
		<filename>fr-FR.mod_whosonline.ini</filename>
		<filename>fr-FR.mod_whosonline.sys.ini</filename>
		<filename>fr-FR.mod_wrapper.ini</filename>
		<filename>fr-FR.mod_wrapper.sys.ini</filename>
		<filename>fr-FR.tpl_beez3.ini</filename>
		<filename>fr-FR.tpl_beez3.sys.ini</filename>
		<filename>fr-FR.tpl_protostar.ini</filename>
		<filename>fr-FR.tpl_protostar.sys.ini</filename>
		<filename>fr-FR.localise.php</filename>
		<filename file="meta">install.xml</filename>
		<filename file="meta">fr-FR.xml</filename>
		<filename>index.html</filename>
	</files>
	<params />
</extension>
